recording,split
SC4001E0,train
SC4002E0,train
SC4012E0,train
SC4021E0,train
SC4022E0,train
SC4031E0,train
SC4032E0,train
SC4041E0,train
SC4051E0,train
SC4061E0,train
SC4062E0,train
SC4071E0,train
SC4072E0,train
SC4091E0,train
SC4092E0,train
SC4101E0,train
SC4102E0,train
SC4111E0,train
SC4112E0,train
SC4121E0,train
SC4122E0,train
SC4131E0,train
SC4141E0,train
SC4142E0,train
SC4151E0,train
SC4152E0,train
SC4161E0,train
SC4162E0,train
SC4171E0,train
SC4172E0,train
SC4181E0,train
SC4182E0,train
SC4192E0,train
SC4201E0,train
SC4211E0,train
SC4212E0,train
SC4221E0,train
SC4222E0,train
SC4231E0,train
SC4232E0,train
SC4241E0,train
SC4251E0,train
SC4261F0,train
SC4262F0,train
SC4271F0,train
SC4282G0,train
SC4291G0,train
SC4292G0,train
SC4302E0,train
SC4311E0,train
SC4312E0,train
SC4322E0,train
SC4331F0,train
SC4332F0,train
SC4341F0,train
SC4342F0,train
SC4351F0,train
SC4352F0,train
SC4362F0,train
SC4371F0,train
SC4372F0,train
SC4382F0,train
SC4401E0,train
SC4411E0,train
SC4412E0,train
SC4421E0,train
SC4422E0,train
SC4431E0,train
SC4432E0,train
SC4441E0,train
SC4442E0,train
SC4461F0,train
SC4471F0,train
SC4482F0,train
SC4491G0,train
SC4492G0,train
SC4501E0,train
SC4502E0,train
SC4512E0,train
SC4522E0,train
SC4531E0,train
SC4532E0,train
SC4541F0,train
SC4551F0,train
SC4561F0,train
SC4562F0,train
SC4571F0,train
SC4572F0,train
SC4581G0,train
SC4582G0,train
SC4592G0,train
SC4601E0,train
SC4602E0,train
SC4612E0,train
SC4621E0,train
SC4622E0,train
SC4631E0,train
SC4632E0,train
SC4641E0,train
SC4642E0,train
SC4651E0,train
SC4652E0,train
SC4661E0,train
SC4671G0,train
SC4672G0,train
SC4701E0,train
SC4702E0,train
SC4711E0,train
SC4712E0,train
SC4721E0,train
SC4731E0,train
SC4732E0,train
SC4742E0,train
SC4751E0,train
SC4752E0,train
SC4761E0,train
SC4762E0,train
SC4771G0,train
SC4801G0,train
SC4802G0,train
SC4811G0,train
SC4821G0,train
SC4822G0,train
ST7021J0,train
ST7022J0,train
ST7041J0,train
ST7042J0,train
ST7051J0,train
ST7052J0,train
ST7062J0,train
ST7071J0,train
ST7072J0,train
ST7081J0,train
ST7082J0,train
ST7091J0,train
ST7092J0,train
ST7101J0,train
ST7102J0,train
ST7111J0,train
ST7112J0,train
ST7122J0,train
ST7131J0,train
ST7132J0,train
ST7141J0,train
ST7142J0,train
ST7151J0,train
ST7152J0,train
ST7162J0,train
ST7171J0,train
ST7181J0,train
ST7182J0,train
ST7192J0,train
ST7201J0,train
ST7211J0,train
ST7221J0,train
ST7222J0,train
ST7241J0,train
ST7242J0,train
SC4011E0,val
SC4042E0,val
SC4052E0,val
SC4191E0,val
SC4202E0,val
SC4272F0,val
SC4452F0,val
SC4472F0,val
SC4481F0,val
SC4511E0,val
SC4542F0,val
SC4552F0,val
SC4662E0,val
SC4741E0,val
SC4772G0,val
SC4812G0,val
ST7011J0,val
ST7161J0,val
ST7172J0,val
ST7202J0,val
SC4081E0,test
SC4082E0,test
SC4242E0,test
SC4252E0,test
SC4281G0,test
SC4301E0,test
SC4321E0,test
SC4381F0,test
SC4402E0,test
SC4451F0,test
SC4462F0,test
SC4591G0,test
SC4611E0,test
SC4722E0,test
ST7012J0,test
ST7061J0,test
ST7121J0,test
ST7191J0,test
ST7212J0,test
